eval/Rewards Mean,eval/Rewards Std
0.088505224,0.017728016
0.088505224,0.017728016
0.088505224,0.017728016
0.088505224,0.017728016
0.088505224,0.017728016
0.088505224,0.017728016
0.088505224,0.017728016
0.088505224,0.017728016
0.088505224,0.017728016
0.088505224,0.017728016
0.078942504,0.012290778
0.078942504,0.012290778
0.078942504,0.012290778
0.078942504,0.012290778
0.078942504,0.012290778
0.078942504,0.012290778
0.078942504,0.012290778
0.078942504,0.012290778
0.078942504,0.012290778
0.078942504,0.012290778
0.105484942,0.018611125
0.105484942,0.018611125
0.105484942,0.018611125
0.105484942,0.018611125
0.105484942,0.018611125
0.105484942,0.018611125
0.105484942,0.018611125
0.105484942,0.018611125
0.105484942,0.018611125
0.105484942,0.018611125
0.11280143,0.016150422
0.11280143,0.016150422
0.11280143,0.016150422
0.11280143,0.016150422
0.11280143,0.016150422
0.11280143,0.016150422
0.11280143,0.016150422
0.11280143,0.016150422
0.11280143,0.016150422
0.11280143,0.016150422
1.546456679,0.572479605
1.546456679,0.572479605
1.546456679,0.572479605
1.546456679,0.572479605
1.546456679,0.572479605
1.546456679,0.572479605
1.546456679,0.572479605
1.546456679,0.572479605
1.546456679,0.572479605
1.546456679,0.572479605
1.887843493,0.315947165
1.887843493,0.315947165
1.887843493,0.315947165
1.887843493,0.315947165
1.887843493,0.315947165
1.887843493,0.315947165
1.887843493,0.315947165
1.887843493,0.315947165
1.887843493,0.315947165
1.887843493,0.315947165
4.023865788,1.64821989
4.023865788,1.64821989
4.023865788,1.64821989
4.023865788,1.64821989
4.023865788,1.64821989
4.023865788,1.64821989
4.023865788,1.64821989
4.023865788,1.64821989
4.023865788,1.64821989
4.023865788,1.64821989
4.766821578,0.941599452
4.766821578,0.941599452
4.766821578,0.941599452
4.766821578,0.941599452
4.766821578,0.941599452
4.766821578,0.941599452
4.766821578,0.941599452
4.766821578,0.941599452
4.766821578,0.941599452
4.766821578,0.941599452
4.610215149,1.162979942
4.610215149,1.162979942
4.610215149,1.162979942
4.610215149,1.162979942
4.610215149,1.162979942
4.610215149,1.162979942
4.610215149,1.162979942
4.610215149,1.162979942
4.610215149,1.162979942
4.610215149,1.162979942
3.776907662,1.558298009
3.776907662,1.558298009
3.776907662,1.558298009
3.776907662,1.558298009
3.776907662,1.558298009
3.776907662,1.558298009
3.776907662,1.558298009
3.776907662,1.558298009
3.776907662,1.558298009
3.776907662,1.558298009
3.141283817,2.079478659
3.141283817,2.079478659
3.141283817,2.079478659
3.141283817,2.079478659
3.141283817,2.079478659
3.141283817,2.079478659
3.141283817,2.079478659
3.141283817,2.079478659
3.141283817,2.079478659
3.141283817,2.079478659
1.800410153,1.642370518
1.800410153,1.642370518
1.800410153,1.642370518
1.800410153,1.642370518
1.800410153,1.642370518
1.800410153,1.642370518
1.800410153,1.642370518
1.800410153,1.642370518
1.800410153,1.642370518
1.800410153,1.642370518
0.981915211,0.084623917
0.981915211,0.084623917
0.981915211,0.084623917
0.981915211,0.084623917
0.981915211,0.084623917
0.981915211,0.084623917
0.981915211,0.084623917
0.981915211,0.084623917
0.981915211,0.084623917
0.981915211,0.084623917
1.01622252,0.185657679
1.01622252,0.185657679
1.01622252,0.185657679
1.01622252,0.185657679
1.01622252,0.185657679
1.01622252,0.185657679
1.01622252,0.185657679
1.01622252,0.185657679
1.01622252,0.185657679
1.01622252,0.185657679
1.027462656,0.068708214
1.027462656,0.068708214
1.027462656,0.068708214
1.027462656,0.068708214
1.027462656,0.068708214
1.027462656,0.068708214
1.027462656,0.068708214
1.027462656,0.068708214
1.027462656,0.068708214
1.027462656,0.068708214
1.09686593,0.191966861
1.09686593,0.191966861
1.09686593,0.191966861
1.09686593,0.191966861
1.09686593,0.191966861
1.09686593,0.191966861
1.09686593,0.191966861
1.09686593,0.191966861
1.09686593,0.191966861
1.09686593,0.191966861
1.049339613,0.182184342
1.049339613,0.182184342
1.049339613,0.182184342
1.049339613,0.182184342
1.049339613,0.182184342
1.049339613,0.182184342
1.049339613,0.182184342
1.049339613,0.182184342
1.049339613,0.182184342
1.049339613,0.182184342
0.902771208,0.256290744
0.902771208,0.256290744
0.902771208,0.256290744
0.902771208,0.256290744
0.902771208,0.256290744
0.902771208,0.256290744
0.902771208,0.256290744
0.902771208,0.256290744
0.902771208,0.256290744
0.902771208,0.256290744
0.875097782,0.344327196
0.875097782,0.344327196
0.875097782,0.344327196
0.875097782,0.344327196
0.875097782,0.344327196
0.875097782,0.344327196
0.875097782,0.344327196
0.875097782,0.344327196
0.875097782,0.344327196
0.875097782,0.344327196
1.096666588,0.312685089
1.096666588,0.312685089
1.096666588,0.312685089
1.096666588,0.312685089
1.096666588,0.312685089
1.096666588,0.312685089
1.096666588,0.312685089
1.096666588,0.312685089
1.096666588,0.312685089
1.096666588,0.312685089
0.998150941,0.361299931
0.998150941,0.361299931
0.998150941,0.361299931
0.998150941,0.361299931
0.998150941,0.361299931
0.998150941,0.361299931
0.998150941,0.361299931
0.998150941,0.361299931
0.998150941,0.361299931
0.998150941,0.361299931
0.858204578,0.443514741
0.858204578,0.443514741
0.858204578,0.443514741
0.858204578,0.443514741
0.858204578,0.443514741
0.858204578,0.443514741
0.858204578,0.443514741
0.858204578,0.443514741
0.858204578,0.443514741
0.858204578,0.443514741
1.516316263,1.172760643
1.516316263,1.172760643
1.516316263,1.172760643
1.516316263,1.172760643
1.516316263,1.172760643
1.516316263,1.172760643
1.516316263,1.172760643
1.516316263,1.172760643
1.516316263,1.172760643
1.516316263,1.172760643
2.864115206,1.786602594
2.864115206,1.786602594
2.864115206,1.786602594
2.864115206,1.786602594
2.864115206,1.786602594
2.864115206,1.786602594
2.864115206,1.786602594
2.864115206,1.786602594
2.864115206,1.786602594
2.864115206,1.786602594
2.148274606,1.163254377
2.148274606,1.163254377
2.148274606,1.163254377
2.148274606,1.163254377
2.148274606,1.163254377
2.148274606,1.163254377
2.148274606,1.163254377
2.148274606,1.163254377
2.148274606,1.163254377
2.148274606,1.163254377
3.174493111,1.45032954
3.174493111,1.45032954
3.174493111,1.45032954
3.174493111,1.45032954
3.174493111,1.45032954
3.174493111,1.45032954
3.174493111,1.45032954
3.174493111,1.45032954
3.174493111,1.45032954
3.174493111,1.45032954
2.385165446,1.005119492
2.385165446,1.005119492
2.385165446,1.005119492
2.385165446,1.005119492
2.385165446,1.005119492
2.385165446,1.005119492
2.385165446,1.005119492
2.385165446,1.005119492
2.385165446,1.005119492
2.385165446,1.005119492
2.42113387,0.572846082
2.42113387,0.572846082
2.42113387,0.572846082
2.42113387,0.572846082
2.42113387,0.572846082
2.42113387,0.572846082
2.42113387,0.572846082
2.42113387,0.572846082
2.42113387,0.572846082
2.42113387,0.572846082
3.049039133,1.189181589
3.049039133,1.189181589
3.049039133,1.189181589
3.049039133,1.189181589
3.049039133,1.189181589
3.049039133,1.189181589
3.049039133,1.189181589
3.049039133,1.189181589
3.049039133,1.189181589
3.049039133,1.189181589
4.003698022,1.583651163
4.003698022,1.583651163
4.003698022,1.583651163
4.003698022,1.583651163
4.003698022,1.583651163
4.003698022,1.583651163
4.003698022,1.583651163
4.003698022,1.583651163
4.003698022,1.583651163
4.003698022,1.583651163
4.141699168,1.256664583
4.141699168,1.256664583
4.141699168,1.256664583
4.141699168,1.256664583
4.141699168,1.256664583
4.141699168,1.256664583
4.141699168,1.256664583
4.141699168,1.256664583
4.141699168,1.256664583
4.141699168,1.256664583
4.855976768,0.710020745
4.855976768,0.710020745
4.855976768,0.710020745
4.855976768,0.710020745
4.855976768,0.710020745
4.855976768,0.710020745
4.855976768,0.710020745
4.855976768,0.710020745
4.855976768,0.710020745
4.855976768,0.710020745
4.591172661,1.270231119
4.591172661,1.270231119
4.591172661,1.270231119
4.591172661,1.270231119
4.591172661,1.270231119
4.591172661,1.270231119
4.591172661,1.270231119
4.591172661,1.270231119
4.591172661,1.270231119
4.591172661,1.270231119
4.442026413,1.438068767
4.442026413,1.438068767
4.442026413,1.438068767
4.442026413,1.438068767
4.442026413,1.438068767
4.442026413,1.438068767
4.442026413,1.438068767
4.442026413,1.438068767
4.442026413,1.438068767
4.442026413,1.438068767
4.893998056,0.602552144
4.893998056,0.602552144
4.893998056,0.602552144
4.893998056,0.602552144
4.893998056,0.602552144
4.893998056,0.602552144
4.893998056,0.602552144
4.893998056,0.602552144
4.893998056,0.602552144
4.893998056,0.602552144
4.809882186,0.810260451
4.809882186,0.810260451
4.809882186,0.810260451
4.809882186,0.810260451
4.809882186,0.810260451
4.809882186,0.810260451
4.809882186,0.810260451
4.809882186,0.810260451
4.809882186,0.810260451
4.809882186,0.810260451
4.889226211,0.617241748
4.889226211,0.617241748
4.889226211,0.617241748
4.889226211,0.617241748
4.889226211,0.617241748
4.889226211,0.617241748
4.889226211,0.617241748
4.889226211,0.617241748
4.889226211,0.617241748
4.889226211,0.617241748
4.911505672,0.510294521
4.911505672,0.510294521
4.911505672,0.510294521
4.911505672,0.510294521
4.911505672,0.510294521
4.911505672,0.510294521
4.911505672,0.510294521
4.911505672,0.510294521
4.911505672,0.510294521
4.911505672,0.510294521
4.958831216,0.350085734
4.958831216,0.350085734
4.958831216,0.350085734
4.958831216,0.350085734
4.958831216,0.350085734
4.958831216,0.350085734
4.958831216,0.350085734
4.958831216,0.350085734
4.958831216,0.350085734
4.958831216,0.350085734
4.819267158,0.813953549
4.819267158,0.813953549
4.819267158,0.813953549
4.819267158,0.813953549
4.819267158,0.813953549
4.819267158,0.813953549
4.819267158,0.813953549
4.819267158,0.813953549
4.819267158,0.813953549
4.819267158,0.813953549
4.625845706,1.041172709
4.625845706,1.041172709
4.625845706,1.041172709
4.625845706,1.041172709
4.625845706,1.041172709
4.625845706,1.041172709
4.625845706,1.041172709
4.625845706,1.041172709
4.625845706,1.041172709
4.625845706,1.041172709
4.876406088,0.590302191
4.876406088,0.590302191
4.876406088,0.590302191
4.876406088,0.590302191
4.876406088,0.590302191
4.876406088,0.590302191
4.876406088,0.590302191
4.876406088,0.590302191
4.876406088,0.590302191
4.876406088,0.590302191
4.899740127,0.531944856
4.899740127,0.531944856
4.899740127,0.531944856
4.899740127,0.531944856
4.899740127,0.531944856
4.899740127,0.531944856
4.899740127,0.531944856
4.899740127,0.531944856
4.899740127,0.531944856
4.899740127,0.531944856
4.957628066,0.353518576
4.957628066,0.353518576
4.957628066,0.353518576
4.957628066,0.353518576
4.957628066,0.353518576
4.957628066,0.353518576
4.957628066,0.353518576
4.957628066,0.353518576
4.957628066,0.353518576
4.957628066,0.353518576
4.913292077,0.500501165
4.913292077,0.500501165
4.913292077,0.500501165
4.913292077,0.500501165
4.913292077,0.500501165
4.913292077,0.500501165
4.913292077,0.500501165
4.913292077,0.500501165
4.913292077,0.500501165
4.913292077,0.500501165
4.974412428,0.269241764
4.974412428,0.269241764
4.974412428,0.269241764
4.974412428,0.269241764
4.974412428,0.269241764
4.974412428,0.269241764
4.974412428,0.269241764
4.974412428,0.269241764
4.974412428,0.269241764
4.974412428,0.269241764
4.960258309,0.347067377
4.960258309,0.347067377
4.960258309,0.347067377
4.960258309,0.347067377
4.960258309,0.347067377
4.960258309,0.347067377
4.960258309,0.347067377
4.960258309,0.347067377
4.960258309,0.347067377
4.960258309,0.347067377
4.951811137,0.391110523
4.951811137,0.391110523
4.951811137,0.391110523
4.951811137,0.391110523
4.951811137,0.391110523
4.951811137,0.391110523
4.951811137,0.391110523
4.951811137,0.391110523
4.951811137,0.391110523
4.951811137,0.391110523
4.96088116,0.34726569
4.96088116,0.34726569
4.96088116,0.34726569
4.96088116,0.34726569
4.96088116,0.34726569
4.96088116,0.34726569
4.96088116,0.34726569
4.96088116,0.34726569
4.96088116,0.34726569
4.96088116,0.34726569
4.970408203,0.295834443
4.970408203,0.295834443
4.970408203,0.295834443
4.970408203,0.295834443
4.970408203,0.295834443
4.970408203,0.295834443
4.970408203,0.295834443
4.970408203,0.295834443
4.970408203,0.295834443
4.970408203,0.295834443
4.966747449,0.315371056
4.966747449,0.315371056
4.966747449,0.315371056
4.966747449,0.315371056
4.966747449,0.315371056
4.966747449,0.315371056
4.966747449,0.315371056
4.966747449,0.315371056
4.966747449,0.315371056
4.966747449,0.315371056
4.973510436,0.273462797
4.973510436,0.273462797
4.973510436,0.273462797
4.973510436,0.273462797
4.973510436,0.273462797
4.973510436,0.273462797
4.973510436,0.273462797
4.973510436,0.273462797
4.973510436,0.273462797
4.973510436,0.273462797
4.980057112,0.227325167
4.980057112,0.227325167
4.980057112,0.227325167
4.980057112,0.227325167
4.980057112,0.227325167
4.980057112,0.227325167
4.980057112,0.227325167
4.980057112,0.227325167
4.980057112,0.227325167
4.980057112,0.227325167
4.980322152,0.224389771
4.980322152,0.224389771
4.980322152,0.224389771
4.980322152,0.224389771
4.980322152,0.224389771
4.980322152,0.224389771
4.980322152,0.224389771
4.980322152,0.224389771
4.980322152,0.224389771
4.980322152,0.224389771
4.974293738,0.267813755
4.974293738,0.267813755
4.974293738,0.267813755
4.974293738,0.267813755
4.974293738,0.267813755
4.974293738,0.267813755
4.974293738,0.267813755
4.974293738,0.267813755
4.974293738,0.267813755
4.974293738,0.267813755
4.977659606,0.244019429
4.977659606,0.244019429
4.977659606,0.244019429
4.977659606,0.244019429
4.977659606,0.244019429
4.977659606,0.244019429
4.977659606,0.244019429
4.977659606,0.244019429
4.977659606,0.244019429
4.977659606,0.244019429
4.979428548,0.227982346
4.979428548,0.227982346
4.979428548,0.227982346
4.979428548,0.227982346
4.979428548,0.227982346
4.979428548,0.227982346
4.979428548,0.227982346
4.979428548,0.227982346
4.979428548,0.227982346
4.979428548,0.227982346
4.975870217,0.253570598
4.975870217,0.253570598
4.975870217,0.253570598
4.975870217,0.253570598
4.975870217,0.253570598
4.975870217,0.253570598
4.975870217,0.253570598
4.975870217,0.253570598
4.975870217,0.253570598
4.975870217,0.253570598
4.980219012,0.223110836
4.980219012,0.223110836
4.980219012,0.223110836
4.980219012,0.223110836
4.980219012,0.223110836
4.980219012,0.223110836
4.980219012,0.223110836
4.980219012,0.223110836
4.980219012,0.223110836
4.980219012,0.223110836
4.979701556,0.22606171
4.979701556,0.22606171
4.979701556,0.22606171
4.979701556,0.22606171
4.979701556,0.22606171
4.979701556,0.22606171
4.979701556,0.22606171
4.979701556,0.22606171
4.979701556,0.22606171
4.979701556,0.22606171
4.979646808,0.225519115
4.979646808,0.225519115
4.979646808,0.225519115
4.979646808,0.225519115
4.979646808,0.225519115
4.979646808,0.225519115
4.979646808,0.225519115
4.979646808,0.225519115
4.979646808,0.225519115
4.979646808,0.225519115
4.979974142,0.224012496
4.979974142,0.224012496
4.979974142,0.224012496
4.979974142,0.224012496
4.979974142,0.224012496
4.979974142,0.224012496
4.979974142,0.224012496
4.979974142,0.224012496
4.979974142,0.224012496
4.979974142,0.224012496
4.979839194,0.225402293
4.979839194,0.225402293
4.979839194,0.225402293
4.979839194,0.225402293
4.979839194,0.225402293
4.979839194,0.225402293
4.979839194,0.225402293
4.979839194,0.225402293
4.979839194,0.225402293
4.979839194,0.225402293
4.979928839,0.224543198
4.979928839,0.224543198
4.979928839,0.224543198
4.979928839,0.224543198
4.979928839,0.224543198
4.979928839,0.224543198
4.979928839,0.224543198
4.979928839,0.224543198
4.979928839,0.224543198
4.979928839,0.224543198
4.97780185,0.239231532
4.97780185,0.239231532
4.97780185,0.239231532
4.97780185,0.239231532
4.97780185,0.239231532
4.97780185,0.239231532
4.97780185,0.239231532
4.97780185,0.239231532
4.97780185,0.239231532
4.97780185,0.239231532
4.973276142,0.258480531
4.973276142,0.258480531
4.973276142,0.258480531
4.973276142,0.258480531
4.973276142,0.258480531
4.973276142,0.258480531
4.973276142,0.258480531
4.973276142,0.258480531
4.973276142,0.258480531
4.973276142,0.258480531
4.980173378,0.222786105
4.980173378,0.222786105
4.980173378,0.222786105
4.980173378,0.222786105
4.980173378,0.222786105
4.980173378,0.222786105
4.980173378,0.222786105
4.980173378,0.222786105
4.980173378,0.222786105
4.980173378,0.222786105
4.980700355,0.219540222
4.980700355,0.219540222
4.980700355,0.219540222
4.980700355,0.219540222
4.980700355,0.219540222
4.980700355,0.219540222
4.980700355,0.219540222
4.980700355,0.219540222
4.980700355,0.219540222
4.980700355,0.219540222
4.970588548,0.284582583
4.970588548,0.284582583
4.970588548,0.284582583
4.970588548,0.284582583
4.970588548,0.284582583
4.970588548,0.284582583
4.970588548,0.284582583
4.970588548,0.284582583
4.970588548,0.284582583
4.970588548,0.284582583
4.978460338,0.231469813
4.978460338,0.231469813
4.978460338,0.231469813
4.978460338,0.231469813
4.978460338,0.231469813
4.978460338,0.231469813
4.978460338,0.231469813
4.978460338,0.231469813
4.978460338,0.231469813
4.978460338,0.231469813
4.972589251,0.269918211
4.972589251,0.269918211
4.972589251,0.269918211
4.972589251,0.269918211
4.972589251,0.269918211
4.972589251,0.269918211
4.972589251,0.269918211
4.972589251,0.269918211
4.972589251,0.269918211
4.972589251,0.269918211
4.972210366,0.271007878
4.972210366,0.271007878
4.972210366,0.271007878
4.972210366,0.271007878
4.972210366,0.271007878
4.972210366,0.271007878
4.972210366,0.271007878
4.972210366,0.271007878
4.972210366,0.271007878
4.972210366,0.271007878
4.980224249,0.22127582
4.980224249,0.22127582
4.980224249,0.22127582
4.980224249,0.22127582
4.980224249,0.22127582
4.980224249,0.22127582
4.980224249,0.22127582
4.980224249,0.22127582
4.980224249,0.22127582
4.980224249,0.22127582
4.976681002,0.241194806
4.976681002,0.241194806
4.976681002,0.241194806
4.976681002,0.241194806
4.976681002,0.241194806
4.976681002,0.241194806
4.976681002,0.241194806
4.976681002,0.241194806
4.976681002,0.241194806
4.976681002,0.241194806
4.806700448,0.676444944
4.806700448,0.676444944
4.806700448,0.676444944
4.806700448,0.676444944
4.806700448,0.676444944
4.806700448,0.676444944
4.806700448,0.676444944
4.806700448,0.676444944
4.806700448,0.676444944
4.806700448,0.676444944
4.969711491,0.274548959
4.969711491,0.274548959
4.969711491,0.274548959
4.969711491,0.274548959
4.969711491,0.274548959
4.969711491,0.274548959
4.969711491,0.274548959
4.969711491,0.274548959
4.969711491,0.274548959
4.969711491,0.274548959
4.962691976,0.312723
4.962691976,0.312723
4.962691976,0.312723
4.962691976,0.312723
4.962691976,0.312723
4.962691976,0.312723
4.962691976,0.312723
4.962691976,0.312723
4.962691976,0.312723
4.962691976,0.312723
4.980154071,0.222475221
4.980154071,0.222475221
4.980154071,0.222475221
4.980154071,0.222475221
4.980154071,0.222475221
4.980154071,0.222475221
4.980154071,0.222475221
4.980154071,0.222475221
4.980154071,0.222475221
4.980154071,0.222475221
4.970862603,0.267462852
4.970862603,0.267462852
4.970862603,0.267462852
4.970862603,0.267462852
4.970862603,0.267462852
4.970862603,0.267462852
4.970862603,0.267462852
4.970862603,0.267462852
4.970862603,0.267462852
4.970862603,0.267462852
4.964856581,0.293738888
4.964856581,0.293738888
4.964856581,0.293738888
4.964856581,0.293738888
4.964856581,0.293738888
4.964856581,0.293738888
4.964856581,0.293738888
4.964856581,0.293738888
4.964856581,0.293738888
4.964856581,0.293738888
4.974485993,0.249679017
4.974485993,0.249679017
4.974485993,0.249679017
4.974485993,0.249679017
4.974485993,0.249679017
4.974485993,0.249679017
4.974485993,0.249679017
4.974485993,0.249679017
4.974485993,0.249679017
4.974485993,0.249679017
4.980678307,0.217168288
4.980678307,0.217168288
4.980678307,0.217168288
4.980678307,0.217168288
4.980678307,0.217168288
4.980678307,0.217168288
4.980678307,0.217168288
4.980678307,0.217168288
4.980678307,0.217168288
4.980678307,0.217168288
4.980011126,0.220096208
4.980011126,0.220096208
4.980011126,0.220096208
4.980011126,0.220096208
4.980011126,0.220096208
4.980011126,0.220096208
4.980011126,0.220096208
4.980011126,0.220096208
4.980011126,0.220096208
4.980011126,0.220096208
4.981391741,0.212087153
4.981391741,0.212087153
4.981391741,0.212087153
4.981391741,0.212087153
4.981391741,0.212087153
4.981391741,0.212087153
4.981391741,0.212087153
4.981391741,0.212087153
4.981391741,0.212087153
4.981391741,0.212087153
4.979528401,0.222776633
4.979528401,0.222776633
4.979528401,0.222776633
4.979528401,0.222776633
4.979528401,0.222776633
4.979528401,0.222776633
4.979528401,0.222776633
4.979528401,0.222776633
4.979528401,0.222776633
4.979528401,0.222776633
4.979576665,0.224016013
4.979576665,0.224016013
4.979576665,0.224016013
4.979576665,0.224016013
4.979576665,0.224016013
4.979576665,0.224016013
4.979576665,0.224016013
4.979576665,0.224016013
4.979576665,0.224016013
4.979576665,0.224016013
4.979979673,0.219838649
4.979979673,0.219838649
4.979979673,0.219838649
4.979979673,0.219838649
4.979979673,0.219838649
4.979979673,0.219838649
4.979979673,0.219838649
4.979979673,0.219838649
4.979979673,0.219838649
4.979979673,0.219838649
4.979838282,0.222664296
4.979838282,0.222664296
4.979838282,0.222664296
4.979838282,0.222664296
4.979838282,0.222664296
4.979838282,0.222664296
4.979838282,0.222664296
4.979838282,0.222664296
4.979838282,0.222664296
4.979838282,0.222664296
4.97769394,0.230797865
4.97769394,0.230797865
4.97769394,0.230797865
4.97769394,0.230797865
4.97769394,0.230797865
4.97769394,0.230797865
4.97769394,0.230797865
4.97769394,0.230797865
4.97769394,0.230797865
4.97769394,0.230797865
4.977770905,0.225782443
4.977770905,0.225782443
4.977770905,0.225782443
4.977770905,0.225782443
4.977770905,0.225782443
4.977770905,0.225782443
4.977770905,0.225782443
4.977770905,0.225782443
4.977770905,0.225782443
4.977770905,0.225782443
4.976035198,0.232650089
4.976035198,0.232650089
4.976035198,0.232650089
4.976035198,0.232650089
4.976035198,0.232650089
4.976035198,0.232650089
4.976035198,0.232650089
4.976035198,0.232650089
4.976035198,0.232650089
4.976035198,0.232650089
4.976613244,0.230407767
4.976613244,0.230407767
4.976613244,0.230407767
4.976613244,0.230407767
4.976613244,0.230407767
4.976613244,0.230407767
4.976613244,0.230407767
4.976613244,0.230407767
4.976613244,0.230407767
4.976613244,0.230407767
4.98116242,0.208743222
4.98116242,0.208743222
4.98116242,0.208743222
4.98116242,0.208743222
4.98116242,0.208743222
4.98116242,0.208743222
4.98116242,0.208743222
4.98116242,0.208743222
4.98116242,0.208743222
4.98116242,0.208743222
4.979413024,0.218761588
4.979413024,0.218761588
4.979413024,0.218761588
4.979413024,0.218761588
4.979413024,0.218761588
4.979413024,0.218761588
4.979413024,0.218761588
4.979413024,0.218761588
4.979413024,0.218761588
4.979413024,0.218761588
4.980973446,0.209953143
4.980973446,0.209953143
4.980973446,0.209953143
4.980973446,0.209953143
4.980973446,0.209953143
4.980973446,0.209953143
4.980973446,0.209953143
4.980973446,0.209953143
4.980973446,0.209953143
4.980973446,0.209953143
4.980309569,0.21307108
4.980309569,0.21307108
4.980309569,0.21307108
4.980309569,0.21307108
4.980309569,0.21307108
4.980309569,0.21307108
4.980309569,0.21307108
4.980309569,0.21307108
4.980309569,0.21307108
4.980309569,0.21307108
4.959203833,0.323667815
4.959203833,0.323667815
4.959203833,0.323667815
4.959203833,0.323667815
4.959203833,0.323667815
4.959203833,0.323667815
4.959203833,0.323667815
4.959203833,0.323667815
4.959203833,0.323667815
4.959203833,0.323667815
4.979654442,0.216763967
4.979654442,0.216763967
4.979654442,0.216763967
4.979654442,0.216763967
4.979654442,0.216763967
4.979654442,0.216763967
4.979654442,0.216763967
4.979654442,0.216763967
4.979654442,0.216763967
4.979654442,0.216763967
4.972646209,0.257752688
4.972646209,0.257752688
4.972646209,0.257752688
4.972646209,0.257752688
4.972646209,0.257752688
4.972646209,0.257752688
4.972646209,0.257752688
4.972646209,0.257752688
4.972646209,0.257752688
4.972646209,0.257752688
4.965486572,0.285797714
4.965486572,0.285797714
4.965486572,0.285797714
4.965486572,0.285797714
4.965486572,0.285797714
4.965486572,0.285797714
4.965486572,0.285797714
4.965486572,0.285797714
4.965486572,0.285797714
4.965486572,0.285797714
4.980867141,0.211938605
4.980867141,0.211938605
4.980867141,0.211938605
4.980867141,0.211938605
4.980867141,0.211938605
4.980867141,0.211938605
4.980867141,0.211938605
4.980867141,0.211938605
4.980867141,0.211938605
4.980867141,0.211938605
4.976438003,0.234177529
4.976438003,0.234177529
4.976438003,0.234177529
4.976438003,0.234177529
4.976438003,0.234177529
4.976438003,0.234177529
4.976438003,0.234177529
4.976438003,0.234177529
4.976438003,0.234177529
4.976438003,0.234177529
4.970745262,0.263139293
4.970745262,0.263139293
4.970745262,0.263139293
4.970745262,0.263139293
4.970745262,0.263139293
4.970745262,0.263139293
4.970745262,0.263139293
4.970745262,0.263139293
4.970745262,0.263139293
4.970745262,0.263139293
4.975495693,0.23767217
4.975495693,0.23767217
4.975495693,0.23767217
4.975495693,0.23767217
4.975495693,0.23767217
4.975495693,0.23767217
4.975495693,0.23767217
4.975495693,0.23767217
4.975495693,0.23767217
4.975495693,0.23767217
4.960879266,0.301945061
4.960879266,0.301945061
4.960879266,0.301945061
4.960879266,0.301945061
4.960879266,0.301945061
4.960879266,0.301945061
4.960879266,0.301945061
4.960879266,0.301945061
4.960879266,0.301945061
4.960879266,0.301945061
4.976458606,0.235981909
4.976458606,0.235981909
4.976458606,0.235981909
4.976458606,0.235981909
4.976458606,0.235981909
4.976458606,0.235981909
4.976458606,0.235981909
4.976458606,0.235981909
4.976458606,0.235981909
4.976458606,0.235981909
4.97884813,0.222233548
4.97884813,0.222233548
4.97884813,0.222233548
4.97884813,0.222233548
4.97884813,0.222233548
4.97884813,0.222233548
4.97884813,0.222233548
4.97884813,0.222233548
4.97884813,0.222233548
4.97884813,0.222233548
4.981509857,0.208521079
4.981509857,0.208521079
4.981509857,0.208521079
4.981509857,0.208521079
4.981509857,0.208521079
4.981509857,0.208521079
4.981509857,0.208521079
4.981509857,0.208521079
4.981509857,0.208521079
4.981509857,0.208521079
4.979658826,0.218953979
4.979658826,0.218953979
4.979658826,0.218953979
4.979658826,0.218953979
4.979658826,0.218953979
4.979658826,0.218953979
4.979658826,0.218953979
4.979658826,0.218953979
4.979658826,0.218953979
4.979658826,0.218953979
4.966193419,0.283747721
4.966193419,0.283747721
4.966193419,0.283747721
4.966193419,0.283747721
4.966193419,0.283747721
4.966193419,0.283747721
4.966193419,0.283747721
4.966193419,0.283747721
4.966193419,0.283747721
4.966193419,0.283747721
4.973610144,0.250542384
4.973610144,0.250542384
4.973610144,0.250542384
4.973610144,0.250542384
4.973610144,0.250542384
4.973610144,0.250542384
4.973610144,0.250542384
4.973610144,0.250542384
4.973610144,0.250542384
4.973610144,0.250542384
4.976224254,0.235939336
4.976224254,0.235939336
4.976224254,0.235939336
4.976224254,0.235939336
4.976224254,0.235939336
4.976224254,0.235939336
4.976224254,0.235939336
4.976224254,0.235939336
4.976224254,0.235939336
4.976224254,0.235939336
4.978246863,0.226229681
4.978246863,0.226229681
4.978246863,0.226229681
4.978246863,0.226229681
4.978246863,0.226229681
4.978246863,0.226229681
4.978246863,0.226229681
4.978246863,0.226229681
4.978246863,0.226229681
4.978246863,0.226229681
4.980239923,0.214036972
4.980239923,0.214036972
4.980239923,0.214036972
4.980239923,0.214036972
4.980239923,0.214036972
4.980239923,0.214036972
4.980239923,0.214036972
4.980239923,0.214036972
4.980239923,0.214036972
4.980239923,0.214036972
4.974842493,0.244522595
4.974842493,0.244522595
4.974842493,0.244522595
4.974842493,0.244522595
4.974842493,0.244522595
4.974842493,0.244522595
4.974842493,0.244522595
4.974842493,0.244522595
4.974842493,0.244522595
4.974842493,0.244522595
4.978381252,0.227605759
4.978381252,0.227605759
4.978381252,0.227605759
4.978381252,0.227605759
4.978381252,0.227605759
4.978381252,0.227605759
4.978381252,0.227605759
4.978381252,0.227605759
4.978381252,0.227605759
4.978381252,0.227605759
4.972312697,0.25834939
4.972312697,0.25834939
4.972312697,0.25834939
4.972312697,0.25834939
4.972312697,0.25834939
4.972312697,0.25834939
4.972312697,0.25834939
4.972312697,0.25834939
4.972312697,0.25834939
4.972312697,0.25834939
4.974989151,0.244879442
4.974989151,0.244879442
4.974989151,0.244879442
4.974989151,0.244879442
4.974989151,0.244879442
4.974989151,0.244879442
4.974989151,0.244879442
4.974989151,0.244879442
4.974989151,0.244879442
4.974989151,0.244879442
4.977606593,0.230249192
4.977606593,0.230249192
4.977606593,0.230249192
4.977606593,0.230249192
4.977606593,0.230249192
4.977606593,0.230249192
4.977606593,0.230249192
4.977606593,0.230249192
4.977606593,0.230249192
4.977606593,0.230249192
4.972429945,0.256491745
4.972429945,0.256491745
4.972429945,0.256491745
4.972429945,0.256491745
4.972429945,0.256491745
4.972429945,0.256491745
4.972429945,0.256491745
4.972429945,0.256491745
4.972429945,0.256491745
4.972429945,0.256491745
4.975130474,0.242636299
4.975130474,0.242636299
4.975130474,0.242636299
4.975130474,0.242636299
4.975130474,0.242636299
4.975130474,0.242636299
4.975130474,0.242636299
4.975130474,0.242636299
4.975130474,0.242636299
4.975130474,0.242636299
4.979741269,0.221235707
4.979741269,0.221235707
4.979741269,0.221235707
4.979741269,0.221235707
4.979741269,0.221235707
4.979741269,0.221235707
4.979741269,0.221235707
4.979741269,0.221235707
4.979741269,0.221235707
4.979741269,0.221235707
4.968617862,0.271027672
4.968617862,0.271027672
4.968617862,0.271027672
4.968617862,0.271027672
4.968617862,0.271027672
4.968617862,0.271027672
4.968617862,0.271027672
4.968617862,0.271027672
4.968617862,0.271027672
4.968617862,0.271027672
4.978292672,0.229296782
4.978292672,0.229296782
4.978292672,0.229296782
4.978292672,0.229296782
4.978292672,0.229296782
4.978292672,0.229296782
4.978292672,0.229296782
4.978292672,0.229296782
4.978292672,0.229296782
4.978292672,0.229296782
4.979319694,0.223503822
4.979319694,0.223503822
4.979319694,0.223503822
4.979319694,0.223503822
4.979319694,0.223503822
4.979319694,0.223503822
4.979319694,0.223503822
4.979319694,0.223503822
4.979319694,0.223503822
4.979319694,0.223503822
4.956986384,0.32456196
4.956986384,0.32456196
4.956986384,0.32456196
4.956986384,0.32456196
4.956986384,0.32456196
4.956986384,0.32456196
4.956986384,0.32456196
4.956986384,0.32456196
4.956986384,0.32456196
4.956986384,0.32456196
4.96641428,0.286493731
4.96641428,0.286493731
4.96641428,0.286493731
4.96641428,0.286493731
4.96641428,0.286493731
4.96641428,0.286493731
4.96641428,0.286493731
4.96641428,0.286493731
4.96641428,0.286493731
4.96641428,0.286493731
4.975732086,0.246727756
4.975732086,0.246727756
4.975732086,0.246727756
4.975732086,0.246727756
4.975732086,0.246727756
4.975732086,0.246727756
4.975732086,0.246727756
4.975732086,0.246727756
4.975732086,0.246727756
4.975732086,0.246727756
4.943573608,0.373856449
4.943573608,0.373856449
4.943573608,0.373856449
4.943573608,0.373856449
4.943573608,0.373856449
4.943573608,0.373856449
4.943573608,0.373856449
4.943573608,0.373856449
4.943573608,0.373856449
4.943573608,0.373856449
4.930754269,0.410197668
4.930754269,0.410197668
4.930754269,0.410197668
4.930754269,0.410197668
4.930754269,0.410197668
4.930754269,0.410197668
4.930754269,0.410197668
4.930754269,0.410197668
4.930754269,0.410197668
4.930754269,0.410197668
4.96494875,0.297781471
4.96494875,0.297781471
4.96494875,0.297781471
4.96494875,0.297781471
4.96494875,0.297781471
4.96494875,0.297781471
4.96494875,0.297781471
4.96494875,0.297781471
4.96494875,0.297781471
4.96494875,0.297781471
4.965529842,0.295820571
4.965529842,0.295820571
4.965529842,0.295820571
4.965529842,0.295820571
4.965529842,0.295820571
4.965529842,0.295820571
4.965529842,0.295820571
4.965529842,0.295820571
4.965529842,0.295820571
4.965529842,0.295820571
4.965593324,0.293222948
4.965593324,0.293222948
4.965593324,0.293222948
4.965593324,0.293222948
4.965593324,0.293222948
4.965593324,0.293222948
4.965593324,0.293222948
4.965593324,0.293222948
4.965593324,0.293222948
4.965593324,0.293222948
4.958819828,0.322047288
4.958819828,0.322047288
4.958819828,0.322047288
4.958819828,0.322047288
4.958819828,0.322047288
4.958819828,0.322047288
4.958819828,0.322047288
4.958819828,0.322047288
4.958819828,0.322047288
4.958819828,0.322047288
4.966470309,0.291505224
4.966470309,0.291505224
4.966470309,0.291505224
4.966470309,0.291505224
4.966470309,0.291505224
4.966470309,0.291505224
4.966470309,0.291505224
4.966470309,0.291505224
4.966470309,0.291505224
4.966470309,0.291505224
4.96613606,0.294871682
4.96613606,0.294871682
4.96613606,0.294871682
4.96613606,0.294871682
4.96613606,0.294871682
4.96613606,0.294871682
4.96613606,0.294871682
4.96613606,0.294871682
4.96613606,0.294871682
4.96613606,0.294871682
4.963111827,0.306215542
4.963111827,0.306215542
4.963111827,0.306215542
4.963111827,0.306215542
4.963111827,0.306215542
4.963111827,0.306215542
4.963111827,0.306215542
4.963111827,0.306215542
4.963111827,0.306215542
4.963111827,0.306215542
4.974056785,0.258019726
4.974056785,0.258019726
4.974056785,0.258019726
4.974056785,0.258019726
4.974056785,0.258019726
4.974056785,0.258019726
4.974056785,0.258019726
4.974056785,0.258019726
4.974056785,0.258019726
4.974056785,0.258019726
4.979292863,0.23084558
4.979292863,0.23084558
4.979292863,0.23084558
4.979292863,0.23084558
4.979292863,0.23084558
4.979292863,0.23084558
4.979292863,0.23084558
4.979292863,0.23084558
4.979292863,0.23084558
4.979292863,0.23084558
4.975591486,0.249371418
4.975591486,0.249371418
4.975591486,0.249371418
4.975591486,0.249371418
4.975591486,0.249371418
4.975591486,0.249371418
4.975591486,0.249371418
4.975591486,0.249371418
4.975591486,0.249371418
4.975591486,0.249371418
4.975357774,0.250720693
4.975357774,0.250720693
4.975357774,0.250720693
4.975357774,0.250720693
4.975357774,0.250720693
4.975357774,0.250720693
4.975357774,0.250720693
4.975357774,0.250720693
4.975357774,0.250720693
4.975357774,0.250720693
4.979373461,0.229397492
4.979373461,0.229397492
4.979373461,0.229397492
4.979373461,0.229397492
4.979373461,0.229397492
4.979373461,0.229397492
4.979373461,0.229397492
4.979373461,0.229397492
4.979373461,0.229397492
4.979373461,0.229397492
4.977623039,0.23919937
4.977623039,0.23919937
4.977623039,0.23919937
4.977623039,0.23919937
4.977623039,0.23919937
4.977623039,0.23919937
4.977623039,0.23919937
4.977623039,0.23919937
4.977623039,0.23919937
4.977623039,0.23919937
4.979193303,0.230357033
4.979193303,0.230357033
4.979193303,0.230357033
4.979193303,0.230357033
4.979193303,0.230357033
4.979193303,0.230357033
4.979193303,0.230357033
4.979193303,0.230357033
4.979193303,0.230357033
4.979193303,0.230357033
4.977580483,0.239025608
4.977580483,0.239025608
4.977580483,0.239025608
4.977580483,0.239025608
4.977580483,0.239025608
4.977580483,0.239025608
4.977580483,0.239025608
4.977580483,0.239025608
4.977580483,0.239025608
4.977580483,0.239025608
4.976435608,0.244849371
4.976435608,0.244849371
4.976435608,0.244849371
4.976435608,0.244849371
4.976435608,0.244849371
4.976435608,0.244849371
4.976435608,0.244849371
4.976435608,0.244849371
4.976435608,0.244849371
4.976435608,0.244849371
4.977655475,0.238326042
4.977655475,0.238326042
4.977655475,0.238326042
4.977655475,0.238326042
4.977655475,0.238326042
4.977655475,0.238326042
4.977655475,0.238326042
4.977655475,0.238326042
4.977655475,0.238326042
4.977655475,0.238326042
4.976451458,0.245480751
4.976451458,0.245480751
4.976451458,0.245480751
4.976451458,0.245480751
4.976451458,0.245480751
4.976451458,0.245480751
4.976451458,0.245480751
4.976451458,0.245480751
4.976451458,0.245480751
4.976451458,0.245480751
4.980182676,0.225193496
4.980182676,0.225193496
4.980182676,0.225193496
4.980182676,0.225193496
4.980182676,0.225193496
4.980182676,0.225193496
4.980182676,0.225193496
4.980182676,0.225193496
4.980182676,0.225193496
4.980182676,0.225193496
4.977446045,0.239990871
4.977446045,0.239990871
4.977446045,0.239990871
4.977446045,0.239990871
4.977446045,0.239990871
4.977446045,0.239990871
4.977446045,0.239990871
4.977446045,0.239990871
4.977446045,0.239990871
4.977446045,0.239990871
4.973964174,0.257176425
4.973964174,0.257176425
4.973964174,0.257176425
4.973964174,0.257176425
4.973964174,0.257176425
4.973964174,0.257176425
4.973964174,0.257176425
4.973964174,0.257176425
4.973964174,0.257176425
4.973964174,0.257176425
4.976155563,0.245509604
4.976155563,0.245509604
4.976155563,0.245509604
4.976155563,0.245509604
4.976155563,0.245509604
4.976155563,0.245509604
4.976155563,0.245509604
4.976155563,0.245509604
4.976155563,0.245509604
4.976155563,0.245509604
4.974260868,0.25638594
4.974260868,0.25638594
4.974260868,0.25638594
4.974260868,0.25638594
4.974260868,0.25638594
4.974260868,0.25638594
4.974260868,0.25638594
4.974260868,0.25638594
4.974260868,0.25638594
4.974260868,0.25638594
4.977036226,0.241798252
4.977036226,0.241798252
4.977036226,0.241798252
4.977036226,0.241798252
4.977036226,0.241798252
4.977036226,0.241798252
4.977036226,0.241798252
4.977036226,0.241798252
4.977036226,0.241798252
4.977036226,0.241798252
4.974761328,0.253286213
4.974761328,0.253286213
4.974761328,0.253286213
4.974761328,0.253286213
4.974761328,0.253286213
4.974761328,0.253286213
4.974761328,0.253286213
4.974761328,0.253286213
4.974761328,0.253286213
4.974761328,0.253286213
4.973026266,0.261615501
4.973026266,0.261615501
4.973026266,0.261615501
4.973026266,0.261615501
4.973026266,0.261615501
4.973026266,0.261615501
4.973026266,0.261615501
4.973026266,0.261615501
4.973026266,0.261615501
4.973026266,0.261615501
4.978076322,0.235526661
4.978076322,0.235526661
4.978076322,0.235526661
4.978076322,0.235526661
4.978076322,0.235526661
4.978076322,0.235526661
4.978076322,0.235526661
4.978076322,0.235526661
4.978076322,0.235526661
4.978076322,0.235526661
4.977721453,0.237832869
4.977721453,0.237832869
4.977721453,0.237832869
4.977721453,0.237832869
4.977721453,0.237832869
4.977721453,0.237832869
4.977721453,0.237832869
4.977721453,0.237832869
4.977721453,0.237832869
4.977721453,0.237832869
4.975012843,0.260066752
4.975012843,0.260066752
4.975012843,0.260066752
4.975012843,0.260066752
4.975012843,0.260066752
4.975012843,0.260066752
4.975012843,0.260066752
4.975012843,0.260066752
4.975012843,0.260066752
4.975012843,0.260066752
4.973560509,0.258802101
4.973560509,0.258802101
4.973560509,0.258802101
4.973560509,0.258802101
4.973560509,0.258802101
4.973560509,0.258802101
4.973560509,0.258802101
4.973560509,0.258802101
4.973560509,0.258802101
4.973560509,0.258802101
4.975520833,0.25254544
4.975520833,0.25254544
4.975520833,0.25254544
4.975520833,0.25254544
4.975520833,0.25254544
4.975520833,0.25254544
4.975520833,0.25254544
4.975520833,0.25254544
4.975520833,0.25254544
4.975520833,0.25254544
4.972409169,0.26399957
4.972409169,0.26399957
4.972409169,0.26399957
4.972409169,0.26399957
4.972409169,0.26399957
4.972409169,0.26399957
4.972409169,0.26399957
4.972409169,0.26399957
4.972409169,0.26399957
4.972409169,0.26399957
4.977358437,0.23962625
4.977358437,0.23962625
4.977358437,0.23962625
4.977358437,0.23962625
4.977358437,0.23962625
4.977358437,0.23962625
4.977358437,0.23962625
4.977358437,0.23962625
4.977358437,0.23962625
4.977358437,0.23962625
4.965727907,0.300947378
4.965727907,0.300947378
4.965727907,0.300947378
4.965727907,0.300947378
4.965727907,0.300947378
4.965727907,0.300947378
4.965727907,0.300947378
4.965727907,0.300947378
4.965727907,0.300947378
4.965727907,0.300947378
4.968353019,0.283618239
4.968353019,0.283618239
4.968353019,0.283618239
4.968353019,0.283618239
4.968353019,0.283618239
4.968353019,0.283618239
4.968353019,0.283618239
4.968353019,0.283618239
4.968353019,0.283618239
4.968353019,0.283618239
4.971395046,0.275648757
4.971395046,0.275648757
4.971395046,0.275648757
4.971395046,0.275648757
4.971395046,0.275648757
4.971395046,0.275648757
4.971395046,0.275648757
4.971395046,0.275648757
4.971395046,0.275648757
4.971395046,0.275648757
4.972775937,0.265597926
4.972775937,0.265597926
4.972775937,0.265597926
4.972775937,0.265597926
4.972775937,0.265597926
4.972775937,0.265597926
4.972775937,0.265597926
4.972775937,0.265597926
4.972775937,0.265597926
4.972775937,0.265597926
4.972397689,0.265358891
4.972397689,0.265358891
4.972397689,0.265358891
4.972397689,0.265358891
4.972397689,0.265358891
4.972397689,0.265358891
4.972397689,0.265358891
4.972397689,0.265358891
4.972397689,0.265358891
4.972397689,0.265358891
4.976683868,0.245071322
4.976683868,0.245071322
4.976683868,0.245071322
4.976683868,0.245071322
4.976683868,0.245071322
4.976683868,0.245071322
4.976683868,0.245071322
4.976683868,0.245071322
4.976683868,0.245071322
4.976683868,0.245071322
4.970407097,0.27422843
4.970407097,0.27422843
4.970407097,0.27422843
4.970407097,0.27422843
4.970407097,0.27422843
4.970407097,0.27422843
4.970407097,0.27422843
4.970407097,0.27422843
4.970407097,0.27422843
4.970407097,0.27422843
4.97426602,0.255950144
4.97426602,0.255950144
4.97426602,0.255950144
4.97426602,0.255950144
4.97426602,0.255950144
4.97426602,0.255950144
4.97426602,0.255950144
4.97426602,0.255950144
4.97426602,0.255950144
4.97426602,0.255950144
4.975647568,0.249641548
4.975647568,0.249641548
4.975647568,0.249641548
4.975647568,0.249641548
4.975647568,0.249641548
4.975647568,0.249641548
4.975647568,0.249641548
4.975647568,0.249641548
4.975647568,0.249641548
4.975647568,0.249641548
4.974964196,0.252243146
4.974964196,0.252243146
4.974964196,0.252243146
4.974964196,0.252243146
4.974964196,0.252243146
4.974964196,0.252243146
4.974964196,0.252243146
4.974964196,0.252243146
4.974964196,0.252243146
4.974964196,0.252243146
4.975058063,0.25272829
4.975058063,0.25272829
4.975058063,0.25272829
4.975058063,0.25272829
4.975058063,0.25272829
4.975058063,0.25272829
4.975058063,0.25272829
4.975058063,0.25272829
4.975058063,0.25272829
4.975058063,0.25272829
4.971661136,0.268583604
4.971661136,0.268583604
4.971661136,0.268583604
4.971661136,0.268583604
4.971661136,0.268583604
4.971661136,0.268583604
4.971661136,0.268583604
4.971661136,0.268583604
4.971661136,0.268583604
4.971661136,0.268583604
4.976797979,0.242947207
4.976797979,0.242947207
4.976797979,0.242947207
4.976797979,0.242947207
4.976797979,0.242947207
4.976797979,0.242947207
4.976797979,0.242947207
4.976797979,0.242947207
4.976797979,0.242947207
4.976797979,0.242947207
4.973587087,0.260620839
4.973587087,0.260620839
4.973587087,0.260620839
4.973587087,0.260620839
4.973587087,0.260620839
4.973587087,0.260620839
4.973587087,0.260620839
4.973587087,0.260620839
4.973587087,0.260620839
4.973587087,0.260620839
4.971970446,0.268145916
4.971970446,0.268145916
4.971970446,0.268145916
4.971970446,0.268145916
4.971970446,0.268145916
4.971970446,0.268145916
4.971970446,0.268145916
4.971970446,0.268145916
4.971970446,0.268145916
4.971970446,0.268145916
4.861987586,0.703375245
4.861987586,0.703375245
4.861987586,0.703375245
4.861987586,0.703375245
4.861987586,0.703375245
4.861987586,0.703375245
4.861987586,0.703375245
4.861987586,0.703375245
4.861987586,0.703375245
4.861987586,0.703375245
4.837795016,0.340036601
4.837795016,0.340036601
4.837795016,0.340036601
4.837795016,0.340036601
4.837795016,0.340036601
4.837795016,0.340036601
4.837795016,0.340036601
4.837795016,0.340036601
4.837795016,0.340036601
4.837795016,0.340036601
4.925064498,0.3639978
4.925064498,0.3639978
4.925064498,0.3639978
4.925064498,0.3639978
4.925064498,0.3639978
4.925064498,0.3639978
4.925064498,0.3639978
4.925064498,0.3639978
4.925064498,0.3639978
4.925064498,0.3639978
4.970796694,0.27538353
4.970796694,0.27538353
4.970796694,0.27538353
4.970796694,0.27538353
4.970796694,0.27538353
4.970796694,0.27538353
4.970796694,0.27538353
4.970796694,0.27538353
4.970796694,0.27538353
4.970796694,0.27538353
4.965703108,0.29804456
4.965703108,0.29804456
4.965703108,0.29804456
4.965703108,0.29804456
4.965703108,0.29804456
4.965703108,0.29804456
4.965703108,0.29804456
4.965703108,0.29804456
4.965703108,0.29804456
4.965703108,0.29804456
4.969012771,0.283289657
4.969012771,0.283289657
4.969012771,0.283289657
4.969012771,0.283289657
4.969012771,0.283289657
4.969012771,0.283289657
4.969012771,0.283289657
4.969012771,0.283289657
4.969012771,0.283289657
4.969012771,0.283289657
4.972642312,0.276604708
4.972642312,0.276604708
4.972642312,0.276604708
4.972642312,0.276604708
4.972642312,0.276604708
4.972642312,0.276604708
4.972642312,0.276604708
4.972642312,0.276604708
4.972642312,0.276604708
4.972642312,0.276604708
4.976040107,0.250230968
4.976040107,0.250230968
4.976040107,0.250230968
4.976040107,0.250230968
4.976040107,0.250230968
4.976040107,0.250230968
4.976040107,0.250230968
4.976040107,0.250230968
4.976040107,0.250230968
4.976040107,0.250230968
4.976448012,0.247463193
4.976448012,0.247463193
4.976448012,0.247463193
4.976448012,0.247463193
4.976448012,0.247463193
4.976448012,0.247463193
4.976448012,0.247463193
4.976448012,0.247463193
4.976448012,0.247463193
4.976448012,0.247463193
4.973502621,0.28851537
4.973502621,0.28851537
4.973502621,0.28851537
4.973502621,0.28851537
4.973502621,0.28851537
4.973502621,0.28851537
4.973502621,0.28851537
4.973502621,0.28851537
4.973502621,0.28851537
4.973502621,0.28851537
4.972226423,0.282239248
4.972226423,0.282239248
4.972226423,0.282239248
4.972226423,0.282239248
4.972226423,0.282239248
4.972226423,0.282239248
4.972226423,0.282239248
4.972226423,0.282239248
4.972226423,0.282239248
4.972226423,0.282239248
4.975918566,0.249595616
4.975918566,0.249595616
4.975918566,0.249595616
4.975918566,0.249595616
4.975918566,0.249595616
4.975918566,0.249595616
4.975918566,0.249595616
4.975918566,0.249595616
4.975918566,0.249595616
4.975918566,0.249595616
4.978873189,0.233444354
4.978873189,0.233444354
4.978873189,0.233444354
4.978873189,0.233444354
4.978873189,0.233444354
4.978873189,0.233444354
4.978873189,0.233444354
4.978873189,0.233444354
4.978873189,0.233444354
4.978873189,0.233444354
4.954803623,0.358845533
4.954803623,0.358845533
4.954803623,0.358845533
4.954803623,0.358845533
4.954803623,0.358845533
4.954803623,0.358845533
4.954803623,0.358845533
4.954803623,0.358845533
4.954803623,0.358845533
4.954803623,0.358845533
4.9634138,0.303380735
4.9634138,0.303380735
4.9634138,0.303380735
4.9634138,0.303380735
4.9634138,0.303380735
4.9634138,0.303380735
4.9634138,0.303380735
4.9634138,0.303380735
4.9634138,0.303380735
4.9634138,0.303380735
4.968963401,0.280315494
4.968963401,0.280315494
4.968963401,0.280315494
4.968963401,0.280315494
4.968963401,0.280315494
4.968963401,0.280315494
4.968963401,0.280315494
4.968963401,0.280315494
4.968963401,0.280315494
4.968963401,0.280315494
4.96187487,0.311052149
4.96187487,0.311052149
4.96187487,0.311052149
4.96187487,0.311052149
4.96187487,0.311052149
4.96187487,0.311052149
4.96187487,0.311052149
4.96187487,0.311052149
4.96187487,0.311052149
4.96187487,0.311052149
4.965551693,0.296865743
4.965551693,0.296865743
4.965551693,0.296865743
4.965551693,0.296865743
4.965551693,0.296865743
4.965551693,0.296865743
4.965551693,0.296865743
4.965551693,0.296865743
4.965551693,0.296865743
4.965551693,0.296865743
4.963172205,0.306828195
4.963172205,0.306828195
4.963172205,0.306828195
4.963172205,0.306828195
4.963172205,0.306828195
4.963172205,0.306828195
4.963172205,0.306828195
4.963172205,0.306828195
4.963172205,0.306828195
4.963172205,0.306828195
4.965830907,0.295165929
4.965830907,0.295165929
4.965830907,0.295165929
4.965830907,0.295165929
4.965830907,0.295165929
4.965830907,0.295165929
4.965830907,0.295165929
4.965830907,0.295165929
4.965830907,0.295165929
4.965830907,0.295165929
4.970881395,0.272170246
4.970881395,0.272170246
4.970881395,0.272170246
4.970881395,0.272170246
4.970881395,0.272170246
4.970881395,0.272170246
4.970881395,0.272170246
4.970881395,0.272170246
4.970881395,0.272170246
4.970881395,0.272170246
4.972975697,0.261891511
4.972975697,0.261891511
4.972975697,0.261891511
4.972975697,0.261891511
4.972975697,0.261891511
4.972975697,0.261891511
4.972975697,0.261891511
4.972975697,0.261891511
4.972975697,0.261891511
4.972975697,0.261891511
4.974050262,0.256513395
4.974050262,0.256513395
4.974050262,0.256513395
4.974050262,0.256513395
4.974050262,0.256513395
4.974050262,0.256513395
4.974050262,0.256513395
4.974050262,0.256513395
4.974050262,0.256513395
4.974050262,0.256513395
4.967678467,0.287668344
4.967678467,0.287668344
4.967678467,0.287668344
4.967678467,0.287668344
4.967678467,0.287668344
4.967678467,0.287668344
4.967678467,0.287668344
4.967678467,0.287668344
4.967678467,0.287668344
4.967678467,0.287668344
4.975105414,0.253845273
4.975105414,0.253845273
4.975105414,0.253845273
4.975105414,0.253845273
4.975105414,0.253845273
4.975105414,0.253845273
4.975105414,0.253845273
4.975105414,0.253845273
4.975105414,0.253845273
4.975105414,0.253845273
4.964188585,0.303481917
4.964188585,0.303481917
4.964188585,0.303481917
4.964188585,0.303481917
4.964188585,0.303481917
4.964188585,0.303481917
4.964188585,0.303481917
4.964188585,0.303481917
4.964188585,0.303481917
4.964188585,0.303481917
4.978506289,0.235188639
4.978506289,0.235188639
4.978506289,0.235188639
4.978506289,0.235188639
4.978506289,0.235188639
4.978506289,0.235188639
4.978506289,0.235188639
4.978506289,0.235188639
4.978506289,0.235188639
4.978506289,0.235188639
4.977650195,0.239386767
4.977650195,0.239386767
4.977650195,0.239386767
4.977650195,0.239386767
4.977650195,0.239386767
4.977650195,0.239386767
4.977650195,0.239386767
4.977650195,0.239386767
4.977650195,0.239386767
4.977650195,0.239386767
4.963552958,0.305319001
4.963552958,0.305319001
4.963552958,0.305319001
4.963552958,0.305319001
4.963552958,0.305319001
4.963552958,0.305319001
4.963552958,0.305319001
4.963552958,0.305319001
4.963552958,0.305319001
4.963552958,0.305319001
4.970790879,0.273017134
4.970790879,0.273017134
4.970790879,0.273017134
4.970790879,0.273017134
4.970790879,0.273017134
4.970790879,0.273017134
4.970790879,0.273017134
4.970790879,0.273017134
4.970790879,0.273017134
4.970790879,0.273017134
4.972340313,0.266324155
4.972340313,0.266324155
4.972340313,0.266324155
4.972340313,0.266324155
4.972340313,0.266324155
4.972340313,0.266324155
4.972340313,0.266324155
4.972340313,0.266324155
4.972340313,0.266324155
4.972340313,0.266324155
4.971708357,0.26850809
4.971708357,0.26850809
4.971708357,0.26850809
4.971708357,0.26850809
4.971708357,0.26850809
4.971708357,0.26850809
4.971708357,0.26850809
4.971708357,0.26850809
4.971708357,0.26850809
4.971708357,0.26850809
4.974129594,0.25553409
4.974129594,0.25553409
4.974129594,0.25553409
4.974129594,0.25553409
4.974129594,0.25553409
4.974129594,0.25553409
4.974129594,0.25553409
4.974129594,0.25553409
4.974129594,0.25553409
4.974129594,0.25553409
4.969434042,0.278486328
4.969434042,0.278486328
4.969434042,0.278486328
4.969434042,0.278486328
4.969434042,0.278486328
4.969434042,0.278486328
4.969434042,0.278486328
4.969434042,0.278486328
4.969434042,0.278486328
4.969434042,0.278486328
4.972467439,0.264889764
4.972467439,0.264889764
4.972467439,0.264889764
4.972467439,0.264889764
4.972467439,0.264889764
4.972467439,0.264889764
4.972467439,0.264889764
4.972467439,0.264889764
4.972467439,0.264889764
4.972467439,0.264889764
4.977511483,0.240130339
4.977511483,0.240130339
4.977511483,0.240130339
4.977511483,0.240130339
4.977511483,0.240130339
4.977511483,0.240130339
4.977511483,0.240130339
4.977511483,0.240130339
4.977511483,0.240130339
4.977511483,0.240130339
4.978770246,0.232144235
4.978770246,0.232144235
4.978770246,0.232144235
4.978770246,0.232144235
4.978770246,0.232144235
4.978770246,0.232144235
4.978770246,0.232144235
4.978770246,0.232144235
4.978770246,0.232144235
4.978770246,0.232144235
4.979687357,0.228136805
4.979687357,0.228136805
4.979687357,0.228136805
4.979687357,0.228136805
4.979687357,0.228136805
4.979687357,0.228136805
4.979687357,0.228136805
4.979687357,0.228136805
4.979687357,0.228136805
4.979687357,0.228136805
4.978706337,0.232697558
4.978706337,0.232697558
4.978706337,0.232697558
4.978706337,0.232697558
4.978706337,0.232697558
4.978706337,0.232697558
4.978706337,0.232697558
4.978706337,0.232697558
4.978706337,0.232697558
4.978706337,0.232697558
4.964194336,0.301331975
4.964194336,0.301331975
4.964194336,0.301331975
4.964194336,0.301331975
4.964194336,0.301331975
4.964194336,0.301331975
4.964194336,0.301331975
4.964194336,0.301331975
4.964194336,0.301331975
4.964194336,0.301331975
0.260621005,3.215399237
0.260621005,3.215399237
0.260621005,3.215399237
0.260621005,3.215399237
0.260621005,3.215399237
0.260621005,3.215399237
0.260621005,3.215399237
0.260621005,3.215399237
0.260621005,3.215399237
0.260621005,3.215399237
4.978607514,0.233687489
4.978607514,0.233687489
4.978607514,0.233687489
4.978607514,0.233687489
4.978607514,0.233687489
4.978607514,0.233687489
4.978607514,0.233687489
4.978607514,0.233687489
4.978607514,0.233687489
4.978607514,0.233687489
4.978492056,0.235063381
4.978492056,0.235063381
4.978492056,0.235063381
4.978492056,0.235063381
4.978492056,0.235063381
4.978492056,0.235063381
4.978492056,0.235063381
4.978492056,0.235063381
4.978492056,0.235063381
4.978492056,0.235063381
4.977119867,0.241100115
4.977119867,0.241100115
4.977119867,0.241100115
4.977119867,0.241100115
4.977119867,0.241100115
4.977119867,0.241100115
4.977119867,0.241100115
4.977119867,0.241100115
4.977119867,0.241100115
4.977119867,0.241100115
4.976453976,0.245410951
4.976453976,0.245410951
4.976453976,0.245410951
4.976453976,0.245410951
4.976453976,0.245410951
4.976453976,0.245410951
4.976453976,0.245410951
4.976453976,0.245410951
4.976453976,0.245410951
4.976453976,0.245410951
4.974620905,0.256299061
4.974620905,0.256299061
4.974620905,0.256299061
4.974620905,0.256299061
4.974620905,0.256299061
4.974620905,0.256299061
4.974620905,0.256299061
4.974620905,0.256299061
4.974620905,0.256299061
4.974620905,0.256299061
4.974794123,0.26385215
4.974794123,0.26385215
4.974794123,0.26385215
4.974794123,0.26385215
4.974794123,0.26385215
4.974794123,0.26385215
4.974794123,0.26385215
4.974794123,0.26385215
4.974794123,0.26385215
4.974794123,0.26385215
4.960231503,0.266686629
4.960231503,0.266686629
4.960231503,0.266686629
4.960231503,0.266686629
4.960231503,0.266686629
4.960231503,0.266686629
4.960231503,0.266686629
4.960231503,0.266686629
4.960231503,0.266686629
4.960231503,0.266686629
4.970926321,0.275084461
4.970926321,0.275084461
4.970926321,0.275084461
4.970926321,0.275084461
4.970926321,0.275084461
4.970926321,0.275084461
4.970926321,0.275084461
4.970926321,0.275084461
4.970926321,0.275084461
4.970926321,0.275084461
4.970846605,0.25452746
4.970846605,0.25452746
4.970846605,0.25452746
4.970846605,0.25452746
4.970846605,0.25452746
4.970846605,0.25452746
4.970846605,0.25452746
4.970846605,0.25452746
4.970846605,0.25452746
4.970846605,0.25452746
4.978708024,0.231983805
4.978708024,0.231983805
4.978708024,0.231983805
4.978708024,0.231983805
4.978708024,0.231983805
4.978708024,0.231983805
4.978708024,0.231983805
4.978708024,0.231983805
4.978708024,0.231983805
4.978708024,0.231983805
4.966649036,0.32436653
4.966649036,0.32436653
4.966649036,0.32436653
4.966649036,0.32436653
4.966649036,0.32436653
4.966649036,0.32436653
4.966649036,0.32436653
4.966649036,0.32436653
4.966649036,0.32436653
4.966649036,0.32436653
4.387195688,1.146068707
4.387195688,1.146068707
4.387195688,1.146068707
4.387195688,1.146068707
4.387195688,1.146068707
4.387195688,1.146068707
4.387195688,1.146068707
4.387195688,1.146068707
4.387195688,1.146068707
4.387195688,1.146068707
4.789126735,0.708258423
4.789126735,0.708258423
4.789126735,0.708258423
4.789126735,0.708258423
4.789126735,0.708258423
4.789126735,0.708258423
4.789126735,0.708258423
4.789126735,0.708258423
4.789126735,0.708258423
4.789126735,0.708258423
4.975710216,0.248865248
4.975710216,0.248865248
4.975710216,0.248865248
4.975710216,0.248865248
4.975710216,0.248865248
4.975710216,0.248865248
4.975710216,0.248865248
4.975710216,0.248865248
4.975710216,0.248865248
4.975710216,0.248865248
4.972949866,0.26121529
4.972949866,0.26121529
4.972949866,0.26121529
4.972949866,0.26121529
4.972949866,0.26121529
4.972949866,0.26121529
4.972949866,0.26121529
4.972949866,0.26121529
4.972949866,0.26121529
4.972949866,0.26121529
4.978348373,0.233327341
4.978348373,0.233327341
4.978348373,0.233327341
4.978348373,0.233327341
4.978348373,0.233327341
4.978348373,0.233327341
4.978348373,0.233327341
4.978348373,0.233327341
4.978348373,0.233327341
4.978348373,0.233327341
4.963552461,0.287273613
4.963552461,0.287273613
4.963552461,0.287273613
4.963552461,0.287273613
4.963552461,0.287273613
4.963552461,0.287273613
4.963552461,0.287273613
4.963552461,0.287273613
4.963552461,0.287273613
4.963552461,0.287273613
4.958024206,0.297135088
4.958024206,0.297135088
4.958024206,0.297135088
4.958024206,0.297135088
4.958024206,0.297135088
4.958024206,0.297135088
4.958024206,0.297135088
4.958024206,0.297135088
4.958024206,0.297135088
4.958024206,0.297135088
4.978014757,0.238807279
4.978014757,0.238807279
4.978014757,0.238807279
4.978014757,0.238807279
4.978014757,0.238807279
4.978014757,0.238807279
4.978014757,0.238807279
4.978014757,0.238807279
4.978014757,0.238807279
4.978014757,0.238807279
4.974054588,0.257422462
4.974054588,0.257422462
4.974054588,0.257422462
4.974054588,0.257422462
4.974054588,0.257422462
4.974054588,0.257422462
4.974054588,0.257422462
4.974054588,0.257422462
4.974054588,0.257422462
4.974054588,0.257422462
4.973595221,0.262150123
4.973595221,0.262150123
4.973595221,0.262150123
4.973595221,0.262150123
4.973595221,0.262150123
4.973595221,0.262150123
4.973595221,0.262150123
4.973595221,0.262150123
4.973595221,0.262150123
4.973595221,0.262150123
4.813789825,0.676062279
4.813789825,0.676062279
4.813789825,0.676062279
4.813789825,0.676062279
4.813789825,0.676062279
4.813789825,0.676062279
4.813789825,0.676062279
4.813789825,0.676062279
4.813789825,0.676062279
4.813789825,0.676062279
4.973633357,0.261492366
4.973633357,0.261492366
4.973633357,0.261492366
4.973633357,0.261492366
4.973633357,0.261492366
4.973633357,0.261492366
4.973633357,0.261492366
4.973633357,0.261492366
4.973633357,0.261492366
4.973633357,0.261492366
4.910052165,0.538803265
4.910052165,0.538803265
4.910052165,0.538803265
4.910052165,0.538803265
4.910052165,0.538803265
4.910052165,0.538803265
4.910052165,0.538803265
4.910052165,0.538803265
4.910052165,0.538803265
4.910052165,0.538803265
4.945639551,0.37419131
4.945639551,0.37419131
4.945639551,0.37419131
4.945639551,0.37419131
4.945639551,0.37419131
4.945639551,0.37419131
4.945639551,0.37419131
4.945639551,0.37419131
4.945639551,0.37419131
4.945639551,0.37419131
4.975296187,0.269208887
4.975296187,0.269208887
4.975296187,0.269208887
4.975296187,0.269208887
4.975296187,0.269208887
4.975296187,0.269208887
4.975296187,0.269208887
4.975296187,0.269208887
4.975296187,0.269208887
4.975296187,0.269208887
4.920248672,0.395882259
4.920248672,0.395882259
4.920248672,0.395882259
4.920248672,0.395882259
4.920248672,0.395882259
4.920248672,0.395882259
4.920248672,0.395882259
4.920248672,0.395882259
4.920248672,0.395882259
4.920248672,0.395882259
4.976414912,0.249811915
4.976414912,0.249811915
4.976414912,0.249811915
4.976414912,0.249811915
4.976414912,0.249811915
4.976414912,0.249811915
4.976414912,0.249811915
4.976414912,0.249811915
4.976414912,0.249811915
4.976414912,0.249811915
4.961198794,0.434689799
4.961198794,0.434689799
4.961198794,0.434689799
4.961198794,0.434689799
4.961198794,0.434689799
4.961198794,0.434689799
4.961198794,0.434689799
4.961198794,0.434689799
4.961198794,0.434689799
4.961198794,0.434689799
4.967817527,0.360159135
4.967817527,0.360159135
4.967817527,0.360159135
4.967817527,0.360159135
4.967817527,0.360159135
4.967817527,0.360159135
4.967817527,0.360159135
4.967817527,0.360159135
4.967817527,0.360159135
4.967817527,0.360159135
4.977156808,0.244328523
4.977156808,0.244328523
4.977156808,0.244328523
4.977156808,0.244328523
4.977156808,0.244328523
4.977156808,0.244328523
4.977156808,0.244328523
4.977156808,0.244328523
4.977156808,0.244328523
4.977156808,0.244328523
